Brand,EAN,Product Name
KOLPA-SAN,3838987566007,KOLPA-SAN tuš kad Drop 120X80/O z oblogo bela 566000 
KOLPA-SAN,3838987592952,KOLPA-SAN tuš kad Funky 120X90/O z oblogo in sedežem bela 592950 
KOLPA-SAN,3838987516194,"KOLPA-SAN zložljiva tuš vrata Polaris Fold D 100-R SBR/1 prozorno steklo, leva 516190 "
KOLPA-SAN,3838987560845,KOLPA-SAN tuš vrata TKP 90/K-FROST R550 Atlas Brill prozorno steklo 560840 
KOLPA-SAN,3838987517689,KOLPA-SAN tuš vrata Calypso WIN 140X90-UNI B/1 prozorno steklo 517680 
KOLPA-SAN,3838987513131,KOLPA-SAN tuš kabina TK BLACK 120X90/K UNI VIRGO prozorno steklo 513130 
KOLPA-SAN,3838987514428,KOLPA-SAN tuš kabina TK 120X80/K-D MONTES SILVER CL.C prozorno steklo desna 514420 
KOLPA-SAN,3838987546849,KOLPA-SAN toaletna omarica TON 120 DC 546840 
KOLPA-SAN,3838987574064,KOLPA-SAN omarica Evelin E 1702 WH 574060 
KOLPA-SAN,3838987574088,KOLPA-SAN omarica Evelin E 1702 GRAY/OAK 574080 
CANON,8714574678979,"CANON papir rola CADP3R8024 (1 kos = 3 role); š 610 mm (24''), d 50 m / 80 gsm / 3 role v škatli 4281V672"
,88381373715," Akumulator MAKTEC Li-ion 18V/1,1Ah L1851 195421-0"
,88381474924, 2-delni set za sesanje BHX2501 197235-3
KOLPA-SAN,3838987927587,KOLPA-SAN DOLORES 140/MO-2 V+Z MAS.Z OBL. 
 SAVA,8594227970021, SAVA  cestno kolo Levar 2.0 S 520 mm
 SAVA,8594227970236, SAVA  cestno kolo Feguro 2.0 M 540 mm
 SAVA,8594227970168, SAVA  cestno kolo Vegur 8.0 XS 440 mm
,197050354150, Brusni papir 100x150 A120 - FSC certifikat E-23450
,3838987596882, MOONWALK 90x90 TUŠ KAD ZA VGRADNJO LM ANTRACIT 
 SAVA,8594227971271," SAVA  električno kolo Gelaro 2.0 L (550 mm), rjava"
 SAVA,8594227970779," SAVA  električno kolo Gelaro 4.0 L (550 mm), rjava"
,197050004932," Aku. rezalnik železnih armatur 40V XGT, 16mm SC001GZK"
,88381756693," Aku. samohodna kosilnica 18+18V, 480mm DLM481CT2"
VIVAX,3856005144686,VIVAX  kuhalnik vode WH-175L 023505340
VIVAX,3856005199402,VIVAX  Pralni stroj WFL-120716CSI 0001399185
VIVAX,3856005199792,VIVAX  ELEKTRIČNI ŠTEDILNIK FC-04602VCF WH 0001398835
VIVAX,3856005173723,VIVAX  električni žar EG-4030RC 02357186
,88381819442, Aku. multifunkcijsko orodje 12V max TM30DZ
,3838987999713, FLAMENCO 160x70 TUŠ KAD ZA VGRADNJO KOLPA 
,3838987545064, HOPP 120X70 TUŠ KAD WH ZA VGRADNJO LLM 
,3838987571117, FLAMENCO 70x70 TUŠ KAD ZA VGRADNJO KOLPA 
,4064746032592, DUOFIX BASIC WC SET 458.133.11.3 KOTL.+TIPKA 
,4064746029271, DUOFIX BASIC WC SPLAKOVAL 111.153.00.3 
,88381729604, Aku. puhalnik 12V max UB100DZ
VIVAX,3856032100075,VIVAX  parna postaja IRS-6015C WBL Infinity 0001414147
KOLPA-SAN,3838987547327,KOLPA-SAN ALEXIS OMARICA Z VR.IN PR A 1011 DC KOLPA 
,4059952640150, Drobilnik AXT 25 TC AXT 25 TC 060080330D 1 kos
,4053423362183, Kosilnica GRA18V2-46SP GRA18V2-46SP 06008C8200 1 kos
,4053423837001, Verižna žaga GKE 18V-40 GKE 18V-40 06008D3001 1 kos
,4053423691177, Robotska kosilnica VISIMOW18V-100 VISIMOW18V-100 06008E1000 1 kos
ZF,2080008559470,ZF Olje Ecofluid M 208L 
ZF,4053203399910,ZF Olje Lifeguardfluid 7 1L 
,2080003378328, Avtotepih gumi DO GZ216174 
ZF,4053203443293,ZF Olje LifeGuardFluid 1L AA02.836.455 
ZF,4053203442791,ZF Olje 5961.308.181 1L 
ZF,4053203442609,ZF Olje 5961.308.143 1L 
,2080003805589, Avtotepih gumi DO GZ214494 
,2080003699256, Avtotepih gumi DO GZ216644 
,2080003357392, Avtotepih gumi DO GZ214950 
,2080003404058, Avtotepih gumi DO GZ217174 
